{
  "project_info": {
    "project_number": "421794384004",
    "project_id": "mifever-62323",
    "storage_bucket": "mifever-62323.appspot.com"
  },
  "client": [
    {
      "client_info": {
        "mobilesdk_app_id": "1:421794384004:android:d37889effe0eecf10cdad1",
        "android_client_info": {
          "package_name": "com.mifever.app"
        }
      },
      "oauth_client": [
        {
          "client_id": "421794384004-292kfn680uc1rr03nfqo2u3gc240amva.apps.googleusercontent.com",
          "client_type": 1,
          "android_info": {
            "package_name": "com.mifever.app",
            "certificate_hash": "069a1fa33e17adbc623b6e15ce8abeb2cb1b149b"
          }
        },
        {
          "client_id": "421794384004-pfp637g8924nh4n3ldk3cb8nphrlqpp9.apps.googleusercontent.com",
          "client_type": 3
        }
      ],
      "api_key": [
        {
          "current_key": "AIzaSyDF3mOaSjs9r12ZPee-XfgW3Wvpg7PZIUU"
        }
      ],
      "services": {
        "appinvite_service": {
          "other_platform_oauth_client": [
            {
              "client_id": "421794384004-pfp637g8924nh4n3ldk3cb8nphrlqpp9.apps.googleusercontent.com",
              "client_type": 3
            },
            {
              "client_id": "421794384004-2rljf7mf0bvtd52qvc0lubv73cpnog9k.apps.googleusercontent.com",
              "client_type": 2,
              "ios_info": {
                "bundle_id": "com.mifever.app.testProject"
              }
            }
          ]
        }
      }
    }
  ],
  "configuration_version": "1"
}